familly;filename;time;date;Syscall found;EnvVar found;Locale found;Resources found;Registry found;Address found;Libraries;OS;CPU architecture;Entry point;Min/Max addresses;Stack executable;Binary position-independent;Total number of blocks;Total number of instr;Number of blocks visited;Number of instr visited;Number Address found;Number Syscall found;Binary position-independent:
original;toy3_w;13.863917350769045;2023-05-29 07:01:14;"{""malloc"": 7, ""__libc_start_main"": 3, ""strlen"": 6, ""strncmp"": 3, ""strcmp"": 3}";{};{};{};{};;{'libc.so.6'};UNIX - System V;X86;134517120;134512640/134529087;False;;62;314;27;136;0.0;5.0;False
random_mutations;mutations11_exec;13.930762767791748;2023-05-29 07:01:28;"{""malloc"": 7, ""__libc_start_main"": 2, ""time"": 2, ""srand"": 1, ""rand"": 7, ""strlen"": 1}";{};{};{};{};;{'libc.so.6'};UNIX - System V;X86;151303936;134513076/168545979;False;;302;2858;35;127;0.0;6.0;False
random_mutations;mutations15_exec;20.81672501564026;2023-05-29 07:01:49;"{""malloc"": 7, ""__libc_start_main"": 22, ""sysconf"": 1, ""popen"": 8, ""strlen"": 60, ""printf"": 21, ""fgets"": 13, ""memcpy"": 13, ""strncpy"": 13, ""strncmp"": 13, ""strcmp"": 13, ""pclose"": 13}";{};{};{};{};;{'libc.so.6'};UNIX - System V;X86;151304912;134513076/168092875;False;;179;3244;54;230;0.0;12.0;False
random_mutations;mutations2_exec;25.915899991989136;2023-05-29 07:02:15;"{""malloc"": 8, ""__libc_start_main"": 2, ""strlen"": 2}";{};{};{};{};;{'libc.so.6'};UNIX - System V;X86;151296016;134513076/168084643;False;;93;673;45;225;0.0;3.0;False
random_mutations;mutations7_exec;13.973866939544678;2023-05-29 07:02:29;"{""malloc"": 7, ""__libc_start_main"": 3, ""strlen"": 6, ""strncmp"": 3, ""strcmp"": 3}";{};{};{};{};;{'libc.so.6'};UNIX - System V;X86;151295376;134513076/168084563;False;;58;464;30;156;0.0;5.0;False
random_mutations;mutations5_exec;13.605331420898438;2023-05-29 07:02:43;"{""malloc"": 7, ""__libc_start_main"": 2, ""strlen"": 1}";{};{};{};{};;{'libc.so.6'};UNIX - System V;X86;151303776;134513076/168254739;False;;198;2809;23;109;0.0;3.0;False
random_mutations;mutations18_exec;21.01854634284973;2023-05-29 07:03:04;"{""malloc"": 7, ""__libc_start_main"": 20, ""sysconf"": 1, ""popen"": 8, ""strlen"": 56, ""printf"": 20, ""fgets"": 12, ""memcpy"": 12, ""strncpy"": 12, ""strncmp"": 12, ""strcmp"": 12, ""pclose"": 12}";{};{};{};{};;{'libc.so.6'};UNIX - System V;X86;151318480;134513076/168724459;False;;709;7232;54;230;0.0;12.0;False
random_mutations;mutations19_exec;212.8116459846497;2023-05-29 07:06:37;"{""malloc"": 46, ""__libc_start_main"": 2, ""strlen"": 54, ""puts"": 1, ""printf"": 14, ""putchar"": 3}";{};{};{};{};;{'libc.so.6'};UNIX - System V;X86;151342368;134513076/168680003;False;;1044;13354;109;830;0.0;6.0;False
random_mutations;mutations13_exec;219.01563596725464;2023-05-29 07:10:16;"{""malloc"": 15, ""__libc_start_main"": 2, ""strlen"": 15, ""printf"": 7, ""putchar"": 1}";{};{};{};{};;{'libc.so.6'};UNIX - System V;X86;151299104;134513076/168250579;False;;157;1559;71;466;0.0;5.0;False
random_mutations;mutations8_exec;18.549235582351685;2023-05-29 07:10:34;"{""malloc"": 7, ""__libc_start_main"": 2, ""strlen"": 1}";{};{};{};{};;{'libc.so.6'};UNIX - System V;X86;151298768;134513076/168285955;False;;112;1377;23;121;0.0;3.0;False
random_mutations;mutations4_exec;22.30796265602112;2023-05-29 07:10:57;"{""malloc"": 7, ""__libc_start_main"": 22, ""sysconf"": 1, ""popen"": 8, ""strlen"": 60, ""printf"": 21, ""fgets"": 13, ""memcpy"": 13, ""strncpy"": 13, ""strncmp"": 13, ""strcmp"": 13, ""pclose"": 13}";{};{};{};{};;{'libc.so.6'};UNIX - System V;X86;151297504;134513076/168084635;False;;109;1019;54;230;0.0;12.0;False
random_mutations;mutations20_exec;16.197543382644653;2023-05-29 07:11:13;"{""malloc"": 7, ""__libc_start_main"": 4, ""ptrace"": 1, ""strlen"": 6, ""strncmp"": 3, ""strcmp"": 3}";{};{};{};{};;{'libc.so.6'};UNIX - System V;X86;151295088;134513076/168084563;False;;61;390;34;164;0.0;6.0;False
random_mutations;mutations17_exec;23.73741459846497;2023-05-29 07:11:37;"{""malloc"": 7, ""__libc_start_main"": 26, ""sysconf"": 1, ""popen"": 8, ""strlen"": 68, ""printf"": 23, ""fgets"": 15, ""memcpy"": 15, ""strncpy"": 15, ""strncmp"": 15, ""strcmp"": 15, ""pclose"": 15}";{};{};{};{};;{'libc.so.6'};UNIX - System V;X86;151313696;134513076/168263083;False;;641;6088;54;230;0.0;12.0;False
random_mutations;mutations10_exec;25.58843922615052;2023-05-29 07:12:02;"{""malloc"": 7, ""__libc_start_main"": 30, ""sysconf"": 1, ""popen"": 10, ""strlen"": 82, ""printf"": 28, ""fgets"": 18, ""memcpy"": 18, ""strncpy"": 18, ""strncmp"": 18, ""strcmp"": 18, ""pclose"": 18}";{};{};{};{};;{'libc.so.6'};UNIX - System V;X86;151296240;134513076/168084587;False;;88;693;54;230;0.0;12.0;False
random_mutations;mutations14_exec;25.270553827285767;2023-05-29 07:12:28;"{""malloc"": 7, ""__libc_start_main"": 31, ""ptrace"": 1, ""time"": 2, ""srand"": 1, ""rand"": 9, ""sysconf"": 1, ""popen"": 10, ""strlen"": 82, ""printf"": 28, ""fgets"": 18, ""memcpy"": 18, ""strncpy"": 18, ""strncmp"": 18, ""strcmp"": 18, ""pclose"": 18}";{};{};{};{};;{'libc.so.6'};UNIX - System V;X86;151297488;134513076/168084603;False;;125;1051;71;279;0.0;16.0;False
random_mutations;mutations3_exec;15.37960958480835;2023-05-29 07:12:43;"{""malloc"": 7, ""__libc_start_main"": 3, ""ptrace"": 1, ""strlen"": 1}";{};{};{};{};;{'libc.so.6'};UNIX - System V;X86;151300592;134513076/168347675;False;;210;1848;28;129;0.0;4.0;False
random_mutations;mutations16_exec;13.995140552520752;2023-05-29 07:12:57;"{""malloc"": 7, ""__libc_start_main"": 2, ""strlen"": 1}";{};{};{};{};;{'libc.so.6'};UNIX - System V;X86;151298432;134513076/168088795;False;;160;1328;23;109;0.0;3.0;False
random_mutations;mutations12_exec;14.414668083190918;2023-05-29 07:13:11;"{""malloc"": 7, ""__libc_start_main"": 3, ""ptrace"": 1, ""strlen"": 1}";{};{};{};{};;{'libc.so.6'};UNIX - System V;X86;151300448;134513076/168347755;False;;261;1905;28;129;0.0;4.0;False
random_mutations;mutations6_exec;21.494314908981323;2023-05-29 07:13:33;"{""malloc"": 7, ""__libc_start_main"": 24, ""sysconf"": 1, ""popen"": 8, ""strlen"": 64, ""printf"": 22, ""fgets"": 14, ""memcpy"": 14, ""strncpy"": 14, ""strncmp"": 14, ""strcmp"": 14, ""pclose"": 14}";{};{};{};{};;{'libc.so.6'};UNIX - System V;X86;151310688;134513076/168457275;False;;527;5297;54;229;0.0;12.0;False
random_mutations;mutations1_exec;213.08394837379456;2023-05-29 07:17:06;"{""malloc"": 26, ""__libc_start_main"": 2, ""strlen"": 45, ""puts"": 2, ""usleep"": 1, ""printf"": 22, ""putchar"": 1}";{};{};{};{};;{'libc.so.6'};UNIX - System V;X86;151314416;134513076/168655379;False;;356;5521;89;1192;0.0;7.0;False
random_mutations;mutations9_exec;20.19800901412964;2023-05-29 07:17:26;"{""malloc"": 7, ""__libc_start_main"": 6, ""rand"": 8, ""ptrace"": 1, ""strlen"": 6, ""strncmp"": 3, ""strcmp"": 3, ""alarm"": 1}";{};{};{};{};;{'libc.so.6'};UNIX - System V;X86;151301120;134513076/168287107;False;;182;2005;46;212;0.0;8.0;False
extreme_mutations;mutations2_exec;33.535964250564575;2023-05-29 07:18:00;"{""malloc"": 7, ""__libc_start_main"": 32, ""sysconf"": 1, ""popen"": 10, ""strlen"": 86, ""printf"": 29, ""fgets"": 19, ""memcpy"": 19, ""strncpy"": 19, ""strncmp"": 19, ""strcmp"": 19, ""pclose"": 19}";{};{};{};{};;{'libc.so.6'};UNIX - System V;X86;151570368;134513076/175423883;False;;4379;64412;54;230;0.0;12.0;False
extreme_mutations;mutations5_exec;26.56662106513977;2023-05-29 07:18:26;"{""malloc"": 7, ""__libc_start_main"": 18, ""sysconf"": 1, ""popen"": 6, ""strlen"": 46, ""printf"": 16, ""fgets"": 10, ""memcpy"": 10, ""strncpy"": 10, ""strncmp"": 10, ""strcmp"": 10, ""pclose"": 10}";{};{};{};{};;{'libc.so.6'};UNIX - System V;X86;151564640;134513076/175322651;False;;4296;63518;54;230;0.0;12.0;False
extreme_mutations;mutations4_exec;30.260735511779785;2023-05-29 07:18:57;"{""malloc"": 7, ""__libc_start_main"": 30, ""sysconf"": 1, ""popen"": 10, ""strlen"": 82, ""printf"": 28, ""fgets"": 18, ""memcpy"": 18, ""strncpy"": 18, ""strncmp"": 18, ""strcmp"": 18, ""pclose"": 18}";{};{};{};{};;{'libc.so.6'};UNIX - System V;X86;151500272;134513076/174933435;False;;3970;51543;54;230;0.0;12.0;False
extreme_mutations;mutations3_exec;26.273313283920288;2023-05-29 07:19:23;"{""malloc"": 7, ""__libc_start_main"": 24, ""sysconf"": 1, ""popen"": 8, ""strlen"": 64, ""printf"": 22, ""fgets"": 14, ""memcpy"": 14, ""strncpy"": 14, ""strncmp"": 14, ""strcmp"": 14, ""pclose"": 14}";{};{};{};{};;{'libc.so.6'};UNIX - System V;X86;151499552;134513076/174901067;False;;3969;51704;54;230;0.0;12.0;False
extreme_mutations;mutations1_exec;29.283738374710083;2023-05-29 07:19:52;"{""malloc"": 7, ""__libc_start_main"": 30, ""sysconf"": 1, ""popen"": 10, ""strlen"": 82, ""printf"": 28, ""fgets"": 18, ""memcpy"": 18, ""strncpy"": 18, ""strncmp"": 18, ""strcmp"": 18, ""pclose"": 18}";{};{};{};{};;{'libc.so.6'};UNIX - System V;X86;151579808;134513076/174881787;False;;4018;65034;54;230;0.0;12.0;False
each_mutation;mutations11_exec;26.460749626159668;2023-05-29 07:20:19;"{""malloc"": 10, ""__libc_start_main"": 3, ""strlen"": 9, ""strncmp"": 3, ""strcmp"": 3}";{};{};{};{};;{'libc.so.6'};UNIX - System V;X86;151295504;134513076/168084627;False;;81;505;53;248;0.0;5.0;False
each_mutation;mutations2_exec;15.1097674369812;2023-05-29 07:20:34;"{""malloc"": 7, ""__libc_start_main"": 2, ""strlen"": 1}";{};{};{};{};;{'libc.so.6'};UNIX - System V;X86;151295184;134513076/168084563;False;;65;417;23;109;0.0;3.0;False
each_mutation;mutations7_exec;14.414717197418211;2023-05-29 07:20:48;"{""malloc"": 7, ""__libc_start_main"": 3, ""strlen"": 7, ""puts"": 1, ""strncmp"": 3, ""strcmp"": 3}";{};{};{};{};;{'libc.so.6'};UNIX - System V;X86;151295328;134513076/168084563;False;;84;434;33;154;0.0;6.0;False
each_mutation;mutations5_exec;15.216721296310425;2023-05-29 07:21:04;"{""malloc"": 7, ""__libc_start_main"": 3, ""strlen"": 6, ""strncmp"": 3, ""strcmp"": 3}";{};{};{};{};;{'libc.so.6'};UNIX - System V;X86;151295056;134513076/168084563;False;;59;387;31;155;0.0;5.0;False
each_mutation;mutations8_exec;15.622703790664673;2023-05-29 07:21:19;"{""malloc"": 7, ""__libc_start_main"": 4, ""ptrace"": 1, ""strlen"": 6, ""strncmp"": 3, ""strcmp"": 3}";{};{};{};{};;{'libc.so.6'};UNIX - System V;X86;151295088;134513076/168084563;False;;61;390;34;164;0.0;6.0;False
each_mutation;mutations4_exec;15.261791467666626;2023-05-29 07:21:35;"{""malloc"": 7, ""__libc_start_main"": 9, ""time"": 2, ""srand"": 1, ""rand"": 10, ""strlen"": 6, ""strncmp"": 3, ""strcmp"": 3}";{};{};{};{};;{'libc.so.6'};UNIX - System V;X86;151295488;134513076/168084563;False;;81;502;51;223;0.0;8.0;False
each_mutation;mutations10_exec;15.297418117523192;2023-05-29 07:21:50;"{""malloc"": 7, ""__libc_start_main"": 3, ""strlen"": 6, ""strncmp"": 3, ""strcmp"": 3}";{};{};{};{};;{'libc.so.6'};UNIX - System V;X86;151295168;134513076/168084563;False;;58;418;30;156;0.0;5.0;False
each_mutation;mutations3_exec;15.797409534454346;2023-05-29 07:22:06;"{""malloc"": 7, ""__libc_start_main"": 3, ""strlen"": 6, ""strncmp"": 3, ""strcmp"": 3}";{};{};{};{};;{'libc.so.6'};UNIX - System V;X86;151295504;134513076/168084563;False;;58;503;30;180;0.0;5.0;False
each_mutation;mutations6_exec;14.912400245666504;2023-05-29 07:22:21;"{""malloc"": 7, ""__libc_start_main"": 3, ""strlen"": 6, ""strncmp"": 3, ""strcmp"": 3, ""access"": 1}";{};{};{};{};;{'libc.so.6'};UNIX - System V;X86;151295536;134513076/168084611;False;;74;434;32;158;0.0;6.0;False
each_mutation;mutations1_exec;42.67808723449707;2023-05-29 07:23:03;"{""malloc"": 18, ""__libc_start_main"": 3, ""strlen"": 326, ""strchr"": 124, ""memcpy"": 10, ""strncpy"": 10, ""strcpy"": 10, ""puts"": 10, ""free"": 11, ""printf"": 109, ""strncmp"": 3, ""strcmp"": 3, ""toupper"": 53, ""putchar"": 10}";{};{};{};{};;{'libc.so.6'};UNIX - System V;X86;151309296;134513076/168457203;False;;490;4870;127;865;0.0;14.0;False
each_mutation;mutations9_exec;26.633955478668213;2023-05-29 07:23:30;"{""malloc"": 7, ""__libc_start_main"": 32, ""sysconf"": 1, ""popen"": 10, ""strlen"": 86, ""printf"": 29, ""fgets"": 19, ""memcpy"": 19, ""strncpy"": 19, ""strncmp"": 19, ""strcmp"": 19, ""pclose"": 19}";{};{};{};{};;{'libc.so.6'};UNIX - System V;X86;151295584;134513076/168084587;False;;82;526;54;229;0.0;12.0;False
